{
  "loader":"fusion:model",
  "type":"connecting",
  "connections":{
  "pane":{
    "type":"is_same_block"
  },
  "swest":{
    "type":"match_state",
    "block":"quark:green_framed_glass_pane",
    "properties":{"west":"true","north":["false","true"],"south":["false","true"],"east":["false","true"],"waterlogged":["false","true"]}
  }
  },
  "parent":"quark:block/mt-ct/pane_west",
  "textures":{
    "pane":"quark:block/mt-ct/glass/framed-7",
    "edge":"quark:block/mt-ct/glass/f0-1",
    "swest":"quark:block/mt-ct/glass/f7-5"
  }
}