{
  "loader":"fusion:model",
  "type":"connecting",
  "connections":{
  "pane":{
    "type":"is_same_block"
  },
  "ssouth":{
    "type":"match_state",
    "block":"quark:cyan_framed_glass_pane",
    "properties":{"south":"true","east":["false","true"],"north":["false","true"],"west":["false","true"],"waterlogged":["false","true"]}
  },
  "swest":{
    "type":"match_state",
    "block":"quark:cyan_framed_glass_pane",
    "properties":{"west":"true","east":["false","true"],"south":["false","true"],"north":["false","true"],"waterlogged":["false","true"]}
  }
  },
  "parent":"quark:block/mt-ct/pane_csouth",
  "textures":{
    "pane":"quark:block/mt-ct/glass/framed-8",
    "edge":"quark:block/mt-ct/glass/f0-1",
    "ssouth":"quark:block/mt-ct/glass/f8-4",
    "swest":"quark:block/mt-ct/glass/f8-5"
  }
}