{
  "loader":"fusion:model",
  "type":"connecting",
  "connections":{
  "pane":{
    "type":"is_same_block"
  },
  "snorth":{
    "type":"match_state",
    "block":"quark:yellow_framed_glass_pane",
    "properties":{"north":"true","east":["false","true"],"south":["false","true"],"west":["false","true"],"waterlogged":["false","true"]}
  }
  },
  "parent":"quark:block/mt-ct/pane_north",
  "textures":{
    "pane":"quark:block/mt-ct/glass/framed-15",
    "edge":"quark:block/mt-ct/glass/f0-1",
    "snorth":"quark:block/mt-ct/glass/f15-2"
  }
}