{
  "ambientocclusion":true,
  "textures":{
    "particle":"#pane"
  },
  "elements":[
  {
    "from":[7,0,8],
    "to":[9,16,16],
    "faces":{
      "down":{"uv":[7,0,9,8],"texture":"#edge","cullface":"down"},
      "up":{"uv":[7,8,9,16],"texture":"#edge","cullface":"up"},
      "south":{"uv":[7,0,9,16],"texture":"#edge","rotation":180,"cullface":"south"}
    }
  },
  {
    "from":[7,1,8],
    "to":[9,15,16],
    "faces":{
      "east":{"uv":[0,1,8,15],"texture":"#pane"},
      "west":{"uv":[8,1,16,15],"texture":"#pane"}
    }
  },
  {
    "from":[7,0,7],
    "to":[9,16,8],
    "faces":{
      "down":{"uv":[7,8,9,9],"texture":"#edge","cullface":"down"},
      "up":{"uv":[7,7,9,8],"texture":"#edge","cullface":"up"},
      "east":{"uv":[15,0,16,16],"texture":"#edge"},
      "west":{"uv":[0,0,1,16],"texture":"#edge"},
      "north":{"uv":[7,0,9,16],"texture":"#edge"}
    }
  },
  {
    "from":[7,15,8],
    "to":[9,16,15],
    "faces":{
      "east":{"uv":[1,0,8,0],"texture":"#ssouth"},
      "west":{"uv":[8,0,15,0],"texture":"#ssouth"}
    }
  },
{
    "from":[7,0,8],
    "to":[9,1,15],
    "faces":{
      "east":{"uv":[1,16,8,16],"texture":"#ssouth"},
      "west":{"uv":[8,16,15,16],"texture":"#ssouth"}
    }
  },
  {
    "from":[7,15,15],
    "to":[9,16,16],
    "faces":{
      "east":{"uv":[0,0,1,1],"texture":"#pane"},
      "west":{"uv":[15,0,16,1],"texture":"#pane"}
    }
  },
  {
    "from":[7,0,15],
    "to":[9,1,16],
    "faces":{
      "east":{"uv":[0,15,1,16],"texture":"#pane"},
      "west":{"uv":[15,15,16,16],"texture":"#pane"}
    }
  }
  ]
}