{
  "ambientocclusion":true,
  "textures":{
    "particle":"#pane"
  },
  "elements":[
  {
    "from":[8,0,7],
    "to":[16,16,9],
    "faces":{
      "down":{"uv":[7,0,9,8],"texture":"#edge","rotation":90,"cullface":"down"},
      "up":{"uv":[7,0,9,8],"texture":"#edge","rotation":90,"cullface":"up"},
      "east":{"uv":[7,0,9,16],"texture":"#edge","rotation":180,"cullface":"east"}
    }
  },
  {
    "from":[8,1,7],
    "to":[16,15,9],
    "faces":{
      "north":{"uv":[0,1,8,15],"texture":"#pane"},
      "south":{"uv":[8,1,16,15],"texture":"#pane"}
    }
  },
  {
    "from":[7,0,7],
    "to":[8,16,9],
    "faces":{
      "down":{"uv":[7,8,9,9],"texture":"#edge","rotation":90,"cullface":"down"},
      "up":{"uv":[7,8,9,9],"texture":"#edge","rotation":90,"cullface":"up"},
      "north":{"uv":[15,0,16,16],"texture":"#edge"},
      "south":{"uv":[0,0,1,16],"texture":"#edge"},
      "west":{"uv":[7,0,9,16],"texture":"#edge","rotation":180}
    }
  },
  {
    "from":[8,15,7],
    "to":[15,16,9],
    "faces":{
      "north":{"uv":[1,0,8,0],"texture":"#seast"},
      "south":{"uv":[8,0,15,0],"texture":"#seast"}
    }
  },
{
    "from":[8,0,7],
    "to":[15,1,9],
    "faces":{
      "north":{"uv":[1,16,8,16],"texture":"#seast"},
      "south":{"uv":[8,16,15,16],"texture":"#seast"}
    }
  },
  {
    "from":[15,15,7],
    "to":[16,16,9],
    "faces":{
      "north":{"uv":[0,0,1,1],"texture":"#pane"},
      "south":{"uv":[15,0,16,1],"texture":"#pane"}
    }
  },
  {
    "from":[15,0,7],
    "to":[16,1,9],
    "faces":{
      "north":{"uv":[0,15,1,16],"texture":"#pane"},
      "south":{"uv":[15,15,16,16],"texture":"#pane"}
    }
  }
  ]
}