{
  "ambientocclusion":true,
  "textures":{
    "particle":"#pane"
  },
  "elements":[
  {
    "from":[7,0,0],
    "to":[9,16,8],
    "faces":{
      "down":{"uv":[7,8,9,16],"texture":"#edge","cullface":"down"},
      "up":{"uv":[7,0,9,8],"texture":"#edge","cullface":"up"},
      "north":{"uv":[7,0,9,16],"texture":"#edge","cullface":"north"}
    }
  },
  {
    "from":[7,1,0],
    "to":[9,15,8],
    "faces":{
      "east":{"uv":[8,1,16,15],"texture":"#pane"},
      "west":{"uv":[0,1,8,15],"texture":"#pane"}
    }
  },
  {
    "from":[7,0,8],
    "to":[9,16,9],
    "faces":{
      "down":{"uv":[7,7,9,8],"texture":"#edge","cullface":"down"},
      "up":{"uv":[7,8,9,9],"texture":"#edge","cullface":"up"},
      "east":{"uv":[0,0,1,16],"texture":"#edge"},
      "south":{"uv":[7,0,9,16],"texture":"#edge","rotation":180},
      "west":{"uv":[15,0,16,16],"texture":"#edge"}
    }
  },
  {
    "from":[7,15,1],
    "to":[9,16,8],
    "faces":{
      "east":{"uv":[8,0,15,0] ,"texture":"#snorth"},
      "west":{"uv":[0,0,7,0],"texture":"#snorth"}
    }
  },
{
    "from":[7,0,1],
    "to":[9,1,8],
    "faces":{
      "east":{"uv":[8,16,15,16] ,"texture":"#snorth"},
      "west":{"uv":[0,16,7,16],"texture":"#snorth"}
    }
  },
  {
    "from":[7,15,0],
    "to":[9,16,1],
    "faces":{
      "east":{"uv":[15,0,16,1],"texture":"#pane"},
      "west":{"uv":[0,0,1,1],"texture":"#pane"}
    }
  },
  {
    "from":[7,0,0],
    "to":[9,1,1],
    "faces":{
      "east":{"uv":[15,15,16,16],"texture":"#pane"},
      "west":{"uv":[0,15,1,16],"texture":"#pane"}
    }
  }
  ]
}