{
  "loader":"fusion:model",
  "type":"connecting",
  "connections":{
  "pane":{
    "type":"is_same_block"
  },
  "seast":{
    "type":"match_state",
    "block":"quark:dirty_glass_pane",
    "properties":{"east":"true","north":["false","true"],"south":["false","true"],"west":["false","true"],"waterlogged":["false","true"]}
  },
  "ssouth":{
    "type":"match_state",
    "block":"quark:dirty_glass_pane",
    "properties":{"south":"true","east":["false","true"],"north":["false","true"],"west":["false","true"],"waterlogged":["false","true"]}
  },
  "swest":{
    "type":"match_state",
    "block":"quark:dirty_glass_pane",
    "properties":{"west":"true","north":["false","true"],"south":["false","true"],"east":["false","true"],"waterlogged":["false","true"]}
  }
  },
  "parent":"quark:block/mt-ct/pane_tsouth",
  "textures":{
    "pane":"quark:block/mt-ct/glass/0-0",
    "edge":"quark:block/mt-ct/glass/0-1",
    "seast":"quark:block/mt-ct/glass/0-3",
    "ssouth":"quark:block/mt-ct/glass/0-4",
    "swest":"quark:block/mt-ct/glass/0-5"
  }
}