{
  "ambientocclusion":true,
  "textures":{
    "particle":"#pane"
  },
  "elements":[
  {
    "from":[0,1,7],
    "to":[8,15,9],
    "faces":{
      "south":{"uv":[0,1,8,15],"texture":"#pane"}
    }
  },
  {
    "from":[7,1,8],
    "to":[9,15,16],
    "faces":{
      "east":{"uv":[0,1,8,15],"texture":"#pane"}
    }
  },
  {
    "from":[0,1,7],
    "to":[8,15,9],
    "faces":{
      "north":{"uv":[8,1,16,15],"texture":"#pane"}
    }
  },
  {
    "from":[7,1,9],
    "to":[9,15,16],
    "faces":{
      "west":{"uv":[9,1,16,15],"texture":"#pane"}
    }
  },
  {
    "from":[8,0,7],
    "to":[9,16,8],
    "faces":{
      "north":{"uv":[0,0,1,16],"texture":"#edge"},
      "east":{"uv":[15,0,16,16],"texture":"#edge"}
    }
  },
  {
    "from":[1,15,7],
    "to":[7,16,9],
    "faces":{
      "south":{"uv":[1,0,7,0],"texture":"#swest"}
    }
  },
  {
    "from":[1,15,7],
    "to":[8,16,9],
    "faces":{
      "north":{"uv":[8,0,15,0],"texture":"#swest"}
    }
  },
  {
    "from":[1,0,7],
    "to":[7,1,9],
    "faces":{
      "south":{"uv":[1,16,7,16],"texture":"#swest"}
    }
  },
  {
    "from":[1,0,7],
    "to":[8,1,9],
    "faces":{
      "north":{"uv":[8,16,15,16],"texture":"#swest"}
    }
  },
  {
    "from":[7,15,8],
    "to":[9,16,15],
    "faces":{
      "east":{"uv":[1,0,8,0],"texture":"#ssouth"}
    }
  },
  {
    "from":[7,15,9],
    "to":[9,16,15],
    "faces":{
      "west":{"uv":[9,0,15,0],"texture":"#ssouth"}
    }
  },
 {
    "from":[7,0,8],
    "to":[9,1,15],
    "faces":{
      "east":{"uv":[1,16,8,16],"texture":"#ssouth"}
    }
  },
  {
    "from":[7,0,9],
    "to":[9,1,15],
    "faces":{
      "west":{"uv":[9,16,15,16],"texture":"#ssouth"}
    }
  },
  {
    "from":[7,0,9],
    "to":[9,16,16],
    "faces":{
      "up":{"uv":[7,9,9,16],"texture":"#edge","cullface":"up"},
      "down":{"uv":[7,0,9,7],"texture":"#edge","cullface":"down"},
      "south":{"uv":[7,0,9,16],"texture":"#edge","rotation":180,"cullface":"south"}
    }
  },
  {
    "from":[0,0,7],
    "to":[7,16,9],
    "faces":{
      "up":{"uv":[7,9,9,16],"rotation":90,"texture":"#edge","cullface":"up"},
      "down":{"uv":[7,9,9,16],"rotation":90,"texture":"#edge","cullface":"down"},
      "west":{"uv":[7,0,9,16],"texture":"#edge","rotation":180,"cullface":"west"}
    }
  },
  {
    "from":[7,0,7],
    "to":[9,16,9],
    "faces":{
      "up":{"uv":[7,7,9,9],"rotation":180,"texture":"#edge","cullface":"up"},
      "down":{"uv":[7,7,9,9],"rotation":180,"texture":"#edge","cullface":"down"}
    }
  },
  {
    "from":[0, 15, 7],
    "to":[1, 16, 9],
    "faces":{
      "north":{"uv":[15,0,16,1],"texture":"#pane"},
      "south":{"uv":[0,0,1,1],"texture":"#pane"}
    }
  },
  {
    "from":[7,15,15],
    "to":[9,16,16],
    "faces":{
      "east":{"uv":[0,0,1,1],"texture":"#pane"},
      "west":{"uv":[15,0,16,1],"texture":"#pane"}
    }
  },
  {
    "from":[0,0,7],
    "to":[1,1,9],
    "faces":{
      "north":{"uv":[15,15,16,16],"texture":"#pane"},
      "south":{"uv":[0,15,1,16],"texture":"#pane"}
    }
  },
  {
    "from":[7,0,15],
    "to":[9,1,16],
    "faces":{
      "east":{"uv":[0,15,1,16],"texture":"#pane"},
      "west":{"uv":[15,15,16,16],"texture":"#pane"}
    }
  }
  ]
}