{
  "ambientocclusion":true,
  "textures":{
    "particle":"#pane"
  },
  "elements":[
  {
    "from":[8,1,7],
    "to":[16,15,9],
    "faces":{
      "north":{"uv":[0,1,8,15],"texture":"#pane"}
    }
  },
  {
    "from":[7,1,0],
    "to":[9,15,8],
    "faces":{
      "west":{"uv":[0,1,8,15],"texture":"#pane"}
    }
  },
  {
    "from":[8,1,7],
    "to":[16,15,9],
    "faces":{
      "south":{"uv":[8,1,16,15],"texture":"#pane"}
    }
  },
  {
    "from":[7,1,0],
    "to":[9,15,7],
    "faces":{
      "east":{"uv":[9,1,16,15],"texture":"#pane"}
    }
  },
  {
    "from":[7,0,8],
    "to":[8,16,9],
    "faces":{
      "south":{"uv":[0,0,1,16],"texture":"#edge"},
      "west":{"uv":[15,0,16,16],"texture":"#edge"}
    }
  },
  {
    "from":[9,15,7],
    "to":[15,16,9],
    "faces":{
      "north":{"uv":[1,0,7,0],"texture":"#seast"}
    }
  },
  {
    "from":[8,15,7],
    "to":[15,16,9],
    "faces":{
      "south":{"uv":[8,0,15,0],"texture":"#seast"}
    }
  },
{
    "from":[9,0,7],
    "to":[15,1,9],
    "faces":{
      "north":{"uv":[1,16,7,16],"texture":"#seast"}
    }
  },
  {
    "from":[8,0,7],
    "to":[15,1,9],
    "faces":{
      "south":{"uv":[8,16,15,16],"texture":"#seast"}
    }
  },
  {
    "from":[7,15,1],
    "to":[9,16,8],
    "faces":{
      "west":{"uv":[1,0,8,0],"texture":"#snorth"}
    }
  },
  {
    "from":[7,15,1],
    "to":[9,16,7],
    "faces":{
      "east":{"uv":[9,0,15,0],"texture":"#snorth"}
    }
  },
{
    "from":[7,0,1],
    "to":[9,1,8],
    "faces":{
      "west":{"uv":[1,16,8,16],"texture":"#snorth"}
    }
  },
  {
    "from":[7,0,1],
    "to":[9,1,7],
    "faces":{
      "east":{"uv":[9,16,15,16],"texture":"#snorth"}
    }
  },
  {
    "from":[7,0,0],
    "to":[9,16,7],
    "faces":{
      "down":{"uv":[7,9,9,16],"texture":"#edge","cullface":"down"},
      "up":{"uv":[7,0,9,7],"texture":"#edge","cullface":"up"},
      "north":{"uv":[7,0,9,16],"texture":"#edge","cullface":"north"}
    }
  },
  {
    "from":[9,0,7],
    "to":[16,16,9],
    "faces":{
      "down":{"uv":[7,0,9,7],"texture":"#edge","rotation":90,"cullface":"down"},
      "up":{"uv":[7,0,9,7],"texture":"#edge","rotation":90,"cullface":"up"},
      "east":{"uv":[7,0,9,16],"texture":"#edge","rotation":180,"cullface":"east"}
    }
  },
  {
    "from":[7,0,7],
    "to":[9,16,9],
    "faces":{
      "down":{"uv":[7,7,9,9],"texture":"#edge","rotation":0,"cullface":"down"},
      "up":{"uv":[7,7,9,9],"texture":"#edge","rotation":0,"cullface":"up"}
    }
  },
  {
    "from":[15,15,7],
    "to":[16,16,9],
    "faces":{
      "north":{"uv":[0,0,1,1],"texture":"#pane"},
      "south":{"uv":[15,0,16,1],"texture":"#pane"}
    }
  },
  {
    "from":[7,15,0],
    "to":[9,16,1],
    "faces":{
      "east":{"uv":[15,0,16,1],"texture":"#pane"},
      "west":{"uv":[0,0,1,1],"texture":"#pane"}
    }
  },
  {
    "from":[15,0,7],
    "to":[16,1,9],
    "faces":{
      "north":{"uv":[0,15,1,16],"texture":"#pane"},
      "south":{"uv":[15,15,16,16],"texture":"#pane"}
    }
  },
  {
    "from":[7,0,0],
    "to":[9,1,1],
    "faces":{
      "east":{"uv":[15,15,16,16],"texture":"#pane"},
      "west":{"uv":[0,15,1,16],"texture":"#pane"}
    }
  }
  ]
}