{
  "loader":"fusion:model",
  "type":"connecting",
  "connections":{
  "pane":{
    "type":"is_same_block"
  },
  "snorth":{
    "type":"match_state",
    "block":"quark:green_framed_glass_pane",
    "properties":{"north":"true","east":["false","true"],"south":["false","true"],"west":["false","true"],"waterlogged":["false","true"]}
  },
  "ssouth":{
    "type":"match_state",
    "block":"quark:green_framed_glass_pane",
    "properties":{"south":"true","east":["false","true"],"north":["false","true"],"west":["false","true"],"waterlogged":["false","true"]}
  }
  },
  "parent":"quark:block/mt-ct/pane_vstraight",
  "textures":{
    "pane":"quark:block/mt-ct/glass/framed-7",
    "edge":"quark:block/mt-ct/glass/f0-1",
    "snorth":"quark:block/mt-ct/glass/f7-2",
    "ssouth":"quark:block/mt-ct/glass/f7-4"
  }
}