{
  "multipart":[
    {
      "apply": {
        "model":"quark:block/mt-ct/pane_single_9"
      },
      "when":{
        "north":"false",
        "east":"false",
        "south":"false",
        "west":"false"
      }
    },
    {
      "apply": {
        "model":"quark:block/mt-ct/pane_north_9"
      },
      "when":{
        "north":"true",
        "east":"false",
        "south":"false",
        "west":"false"
      }
    },
    {
      "apply": {
        "model":"quark:block/mt-ct/pane_east_9"
      },
      "when":{
        "north":"false",
        "east":"true",
        "south":"false",
        "west":"false"
      }
    },
    {
      "apply": {
        "model":"quark:block/mt-ct/pane_south_9"
      },
      "when":{
        "north":"false",
        "east":"false",
        "south":"true",
        "west":"false"
      }
    },
    {
      "apply": {
        "model":"quark:block/mt-ct/pane_west_9"
      },
      "when":{
        "north":"false",
        "east":"false",
        "south":"false",
        "west":"true"
      }
    },
    {
      "apply": {
        "model":"quark:block/mt-ct/pane_vstraight_9"
      },
      "when":{
        "north":"true",
        "east":"false",
        "south":"true",
        "west":"false"
      }
    },
    {
      "apply":{
        "model":"quark:block/mt-ct/pane_hstraight_9"
      },
      "when":{
        "north":"false",
        "east":"true",
        "south":"false",
        "west":"true"
      }
    },
    {
      "apply":{
        "model":"quark:block/mt-ct/pane_cnorth_9"
      },
      "when":{
        "north":"true",
        "east":"true",
        "south":"false",
        "west":"false"
      }
    },
    {
      "apply":{
        "model":"quark:block/mt-ct/pane_ceast_9"
      },
      "when":{
        "north":"false",
        "east":"true",
        "south":"true",
        "west":"false"
      }
    },
    {
      "apply":{
        "model":"quark:block/mt-ct/pane_csouth_9"
      },
      "when":{
        "north":"false",
        "east":"false",
        "south":"true",
        "west":"true"
      }
    },
    {
      "apply":{
        "model":"quark:block/mt-ct/pane_cwest_9"
      },
      "when":{
        "north":"true",
        "east":"false",
        "south":"false",
        "west":"true"
      }
    },
    {
      "apply":{
        "model":"quark:block/mt-ct/pane_tnorth_9"
      },
      "when":{
        "north":"true",
        "east":"true",
        "south":"false",
        "west":"true"
      }
    },
    {
      "apply":{
        "model":"quark:block/mt-ct/pane_teast_9"
      },
      "when":{
        "north":"true",
        "east":"true",
        "south":"true",
        "west":"false"
      }
    },
    {
      "apply":{
        "model":"quark:block/mt-ct/pane_tsouth_9"
      },
      "when":{
        "north":"false",
        "east":"true",
        "south":"true",
        "west":"true"
      }
    },
    {
      "apply":{
        "model":"quark:block/mt-ct/pane_twest_9"
      },
      "when":{
        "north":"true",
        "east":"false",
        "south":"true",
        "west":"true"
      }
    },
    {
      "apply":{
        "model":"quark:block/mt-ct/pane_cross_9"
      },
      "when":{
        "north":"true",
        "east":"true",
        "south":"true",
        "west":"true"
      }
    }
  ]
}