{
  "multipart":[
    {
      "apply": {
        "model":"quark:block/mt-ct/pane_single_0"
      },
      "when":{
        "north":"false",
        "east":"false",
        "south":"false",
        "west":"false"
      }
    },
    {
      "apply": {
        "model":"quark:block/mt-ct/pane_north_0"
      },
      "when":{
        "north":"true",
        "east":"false",
        "south":"false",
        "west":"false"
      }
    },
    {
      "apply": {
        "model":"quark:block/mt-ct/pane_east_0"
      },
      "when":{
        "north":"false",
        "east":"true",
        "south":"false",
        "west":"false"
      }
    },
    {
      "apply": {
        "model":"quark:block/mt-ct/pane_south_0"
      },
      "when":{
        "north":"false",
        "east":"false",
        "south":"true",
        "west":"false"
      }
    },
    {
      "apply": {
        "model":"quark:block/mt-ct/pane_west_0"
      },
      "when":{
        "north":"false",
        "east":"false",
        "south":"false",
        "west":"true"
      }
    },
    {
      "apply": {
        "model":"quark:block/mt-ct/pane_vstraight_0"
      },
      "when":{
        "north":"true",
        "east":"false",
        "south":"true",
        "west":"false"
      }
    },
    {
      "apply":{
        "model":"quark:block/mt-ct/pane_hstraight_0"
      },
      "when":{
        "north":"false",
        "east":"true",
        "south":"false",
        "west":"true"
      }
    },
    {
      "apply":{
        "model":"quark:block/mt-ct/pane_cnorth_0"
      },
      "when":{
        "north":"true",
        "east":"true",
        "south":"false",
        "west":"false"
      }
    },
    {
      "apply":{
        "model":"quark:block/mt-ct/pane_ceast_0"
      },
      "when":{
        "north":"false",
        "east":"true",
        "south":"true",
        "west":"false"
      }
    },
    {
      "apply":{
        "model":"quark:block/mt-ct/pane_csouth_0"
      },
      "when":{
        "north":"false",
        "east":"false",
        "south":"true",
        "west":"true"
      }
    },
    {
      "apply":{
        "model":"quark:block/mt-ct/pane_cwest_0"
      },
      "when":{
        "north":"true",
        "east":"false",
        "south":"false",
        "west":"true"
      }
    },
    {
      "apply":{
        "model":"quark:block/mt-ct/pane_tnorth_0"
      },
      "when":{
        "north":"true",
        "east":"true",
        "south":"false",
        "west":"true"
      }
    },
    {
      "apply":{
        "model":"quark:block/mt-ct/pane_teast_0"
      },
      "when":{
        "north":"true",
        "east":"true",
        "south":"true",
        "west":"false"
      }
    },
    {
      "apply":{
        "model":"quark:block/mt-ct/pane_tsouth_0"
      },
      "when":{
        "north":"false",
        "east":"true",
        "south":"true",
        "west":"true"
      }
    },
    {
      "apply":{
        "model":"quark:block/mt-ct/pane_twest_0"
      },
      "when":{
        "north":"true",
        "east":"false",
        "south":"true",
        "west":"true"
      }
    },
    {
      "apply":{
        "model":"quark:block/mt-ct/pane_cross_0"
      },
      "when":{
        "north":"true",
        "east":"true",
        "south":"true",
        "west":"true"
      }
    }
  ]
}