{
  "multipart":[
    {
      "apply": {
        "model":"quark:block/mt-ct/pane_single_10"
      },
      "when":{
        "north":"false",
        "east":"false",
        "south":"false",
        "west":"false"
      }
    },
    {
      "apply": {
        "model":"quark:block/mt-ct/pane_north_10"
      },
      "when":{
        "north":"true",
        "east":"false",
        "south":"false",
        "west":"false"
      }
    },
    {
      "apply": {
        "model":"quark:block/mt-ct/pane_east_10"
      },
      "when":{
        "north":"false",
        "east":"true",
        "south":"false",
        "west":"false"
      }
    },
    {
      "apply": {
        "model":"quark:block/mt-ct/pane_south_10"
      },
      "when":{
        "north":"false",
        "east":"false",
        "south":"true",
        "west":"false"
      }
    },
    {
      "apply": {
        "model":"quark:block/mt-ct/pane_west_10"
      },
      "when":{
        "north":"false",
        "east":"false",
        "south":"false",
        "west":"true"
      }
    },
    {
      "apply": {
        "model":"quark:block/mt-ct/pane_vstraight_10"
      },
      "when":{
        "north":"true",
        "east":"false",
        "south":"true",
        "west":"false"
      }
    },
    {
      "apply":{
        "model":"quark:block/mt-ct/pane_hstraight_10"
      },
      "when":{
        "north":"false",
        "east":"true",
        "south":"false",
        "west":"true"
      }
    },
    {
      "apply":{
        "model":"quark:block/mt-ct/pane_cnorth_10"
      },
      "when":{
        "north":"true",
        "east":"true",
        "south":"false",
        "west":"false"
      }
    },
    {
      "apply":{
        "model":"quark:block/mt-ct/pane_ceast_10"
      },
      "when":{
        "north":"false",
        "east":"true",
        "south":"true",
        "west":"false"
      }
    },
    {
      "apply":{
        "model":"quark:block/mt-ct/pane_csouth_10"
      },
      "when":{
        "north":"false",
        "east":"false",
        "south":"true",
        "west":"true"
      }
    },
    {
      "apply":{
        "model":"quark:block/mt-ct/pane_cwest_10"
      },
      "when":{
        "north":"true",
        "east":"false",
        "south":"false",
        "west":"true"
      }
    },
    {
      "apply":{
        "model":"quark:block/mt-ct/pane_tnorth_10"
      },
      "when":{
        "north":"true",
        "east":"true",
        "south":"false",
        "west":"true"
      }
    },
    {
      "apply":{
        "model":"quark:block/mt-ct/pane_teast_10"
      },
      "when":{
        "north":"true",
        "east":"true",
        "south":"true",
        "west":"false"
      }
    },
    {
      "apply":{
        "model":"quark:block/mt-ct/pane_tsouth_10"
      },
      "when":{
        "north":"false",
        "east":"true",
        "south":"true",
        "west":"true"
      }
    },
    {
      "apply":{
        "model":"quark:block/mt-ct/pane_twest_10"
      },
      "when":{
        "north":"true",
        "east":"false",
        "south":"true",
        "west":"true"
      }
    },
    {
      "apply":{
        "model":"quark:block/mt-ct/pane_cross_10"
      },
      "when":{
        "north":"true",
        "east":"true",
        "south":"true",
        "west":"true"
      }
    }
  ]
}