{
  "multipart":[
    {
      "apply": {
        "model":"quark:block/mt-ct/pane_single_15"
      },
      "when":{
        "north":"false",
        "east":"false",
        "south":"false",
        "west":"false"
      }
    },
    {
      "apply": {
        "model":"quark:block/mt-ct/pane_north_15"
      },
      "when":{
        "north":"true",
        "east":"false",
        "south":"false",
        "west":"false"
      }
    },
    {
      "apply": {
        "model":"quark:block/mt-ct/pane_east_15"
      },
      "when":{
        "north":"false",
        "east":"true",
        "south":"false",
        "west":"false"
      }
    },
    {
      "apply": {
        "model":"quark:block/mt-ct/pane_south_15"
      },
      "when":{
        "north":"false",
        "east":"false",
        "south":"true",
        "west":"false"
      }
    },
    {
      "apply": {
        "model":"quark:block/mt-ct/pane_west_15"
      },
      "when":{
        "north":"false",
        "east":"false",
        "south":"false",
        "west":"true"
      }
    },
    {
      "apply": {
        "model":"quark:block/mt-ct/pane_vstraight_15"
      },
      "when":{
        "north":"true",
        "east":"false",
        "south":"true",
        "west":"false"
      }
    },
    {
      "apply":{
        "model":"quark:block/mt-ct/pane_hstraight_15"
      },
      "when":{
        "north":"false",
        "east":"true",
        "south":"false",
        "west":"true"
      }
    },
    {
      "apply":{
        "model":"quark:block/mt-ct/pane_cnorth_15"
      },
      "when":{
        "north":"true",
        "east":"true",
        "south":"false",
        "west":"false"
      }
    },
    {
      "apply":{
        "model":"quark:block/mt-ct/pane_ceast_15"
      },
      "when":{
        "north":"false",
        "east":"true",
        "south":"true",
        "west":"false"
      }
    },
    {
      "apply":{
        "model":"quark:block/mt-ct/pane_csouth_15"
      },
      "when":{
        "north":"false",
        "east":"false",
        "south":"true",
        "west":"true"
      }
    },
    {
      "apply":{
        "model":"quark:block/mt-ct/pane_cwest_15"
      },
      "when":{
        "north":"true",
        "east":"false",
        "south":"false",
        "west":"true"
      }
    },
    {
      "apply":{
        "model":"quark:block/mt-ct/pane_tnorth_15"
      },
      "when":{
        "north":"true",
        "east":"true",
        "south":"false",
        "west":"true"
      }
    },
    {
      "apply":{
        "model":"quark:block/mt-ct/pane_teast_15"
      },
      "when":{
        "north":"true",
        "east":"true",
        "south":"true",
        "west":"false"
      }
    },
    {
      "apply":{
        "model":"quark:block/mt-ct/pane_tsouth_15"
      },
      "when":{
        "north":"false",
        "east":"true",
        "south":"true",
        "west":"true"
      }
    },
    {
      "apply":{
        "model":"quark:block/mt-ct/pane_twest_15"
      },
      "when":{
        "north":"true",
        "east":"false",
        "south":"true",
        "west":"true"
      }
    },
    {
      "apply":{
        "model":"quark:block/mt-ct/pane_cross_15"
      },
      "when":{
        "north":"true",
        "east":"true",
        "south":"true",
        "west":"true"
      }
    }
  ]
}