{
  "multipart":[
    {
      "apply": {
        "model":"quark:block/mt-ct/pane_single_16"
      },
      "when":{
        "north":"false",
        "east":"false",
        "south":"false",
        "west":"false"
      }
    },
    {
      "apply": {
        "model":"quark:block/mt-ct/pane_north_16"
      },
      "when":{
        "north":"true",
        "east":"false",
        "south":"false",
        "west":"false"
      }
    },
    {
      "apply": {
        "model":"quark:block/mt-ct/pane_east_16"
      },
      "when":{
        "north":"false",
        "east":"true",
        "south":"false",
        "west":"false"
      }
    },
    {
      "apply": {
        "model":"quark:block/mt-ct/pane_south_16"
      },
      "when":{
        "north":"false",
        "east":"false",
        "south":"true",
        "west":"false"
      }
    },
    {
      "apply": {
        "model":"quark:block/mt-ct/pane_west_16"
      },
      "when":{
        "north":"false",
        "east":"false",
        "south":"false",
        "west":"true"
      }
    },
    {
      "apply": {
        "model":"quark:block/mt-ct/pane_vstraight_16"
      },
      "when":{
        "north":"true",
        "east":"false",
        "south":"true",
        "west":"false"
      }
    },
    {
      "apply":{
        "model":"quark:block/mt-ct/pane_hstraight_16"
      },
      "when":{
        "north":"false",
        "east":"true",
        "south":"false",
        "west":"true"
      }
    },
    {
      "apply":{
        "model":"quark:block/mt-ct/pane_cnorth_16"
      },
      "when":{
        "north":"true",
        "east":"true",
        "south":"false",
        "west":"false"
      }
    },
    {
      "apply":{
        "model":"quark:block/mt-ct/pane_ceast_16"
      },
      "when":{
        "north":"false",
        "east":"true",
        "south":"true",
        "west":"false"
      }
    },
    {
      "apply":{
        "model":"quark:block/mt-ct/pane_csouth_16"
      },
      "when":{
        "north":"false",
        "east":"false",
        "south":"true",
        "west":"true"
      }
    },
    {
      "apply":{
        "model":"quark:block/mt-ct/pane_cwest_16"
      },
      "when":{
        "north":"true",
        "east":"false",
        "south":"false",
        "west":"true"
      }
    },
    {
      "apply":{
        "model":"quark:block/mt-ct/pane_tnorth_16"
      },
      "when":{
        "north":"true",
        "east":"true",
        "south":"false",
        "west":"true"
      }
    },
    {
      "apply":{
        "model":"quark:block/mt-ct/pane_teast_16"
      },
      "when":{
        "north":"true",
        "east":"true",
        "south":"true",
        "west":"false"
      }
    },
    {
      "apply":{
        "model":"quark:block/mt-ct/pane_tsouth_16"
      },
      "when":{
        "north":"false",
        "east":"true",
        "south":"true",
        "west":"true"
      }
    },
    {
      "apply":{
        "model":"quark:block/mt-ct/pane_twest_16"
      },
      "when":{
        "north":"true",
        "east":"false",
        "south":"true",
        "west":"true"
      }
    },
    {
      "apply":{
        "model":"quark:block/mt-ct/pane_cross_16"
      },
      "when":{
        "north":"true",
        "east":"true",
        "south":"true",
        "west":"true"
      }
    }
  ]
}